{
    "(30, 1)": {
        "best_hyperparameters": {
            "batch_size": 32,
            "dropout_rate": 0.2,
            "hidden_dim": 64,
            "learning_rate": 0.001,
            "num_layers": 2,
            "train_mae": 0.09043722103039424,
            "train_mape": 10.1973257958889,
            "train_rmse": 0.10923022280136745,
            "val_mae": 0.037235476076602936,
            "val_mape": 6.06277771294117,
            "val_rmse": 0.04580863192677498,
            "total_train_time": 5.273573160171509
        },
        "best_val_loss": 0.037235476076602936
    },
    "(30, 2)": {
        "best_hyperparameters": {
            "batch_size": 64,
            "dropout_rate": 0.1,
            "hidden_dim": 64,
            "learning_rate": 0.001,
            "num_layers": 2,
            "train_mae": 0.08957432210445404,
            "train_mape": 10.842248052358627,
            "train_rmse": 0.11605081334710121,
            "val_mae": 0.04407326132059097,
            "val_mape": 7.412341982126236,
            "val_rmse": 0.05753475800156593,
            "total_train_time": 7.744464874267578
        },
        "best_val_loss": 0.04407326132059097
    },
    "(30, 5)": {
        "best_hyperparameters": {
            "batch_size": 32,
            "dropout_rate": 0.1,
            "hidden_dim": 64,
            "learning_rate": 0.001,
            "num_layers": 2,
            "train_mae": 0.11886279036601384,
            "train_mape": 27.16672345995903,
            "train_rmse": 0.1485316057999929,
            "val_mae": 0.15078459680080414,
            "val_mape": 131.68880939483643,
            "val_rmse": 0.2454611361026764,
            "total_train_time": 2.12729811668396
        },
        "best_val_loss": 0.15078459680080414
    },
    "(30, 10)": {
        "best_hyperparameters": {
            "batch_size": 32,
            "dropout_rate": 0.2,
            "hidden_dim": 32,
            "learning_rate": 0.001,
            "num_layers": 2,
            "train_mae": 0.178620475033919,
            "train_mape": 111.95518871148427,
            "train_rmse": 0.2327724943558375,
            "val_mae": 0.17154784500598907,
            "val_mape": 47.005605697631836,
            "val_rmse": 0.3022204637527466,
            "total_train_time": 3.675748109817505
        },
        "best_val_loss": 0.17154784500598907
    },
    "(30, 30)": {
        "best_hyperparameters": {
            "batch_size": 32,
            "dropout_rate": 0.2,
            "hidden_dim": 64,
            "learning_rate": 0.001,
            "num_layers": 2,
            "train_mae": 0.20986110220352808,
            "train_mape": 23.56267621119817,
            "train_rmse": 0.26597969730695087,
            "val_mae": 0.22094731032848358,
            "val_mape": 42.48865246772766,
            "val_rmse": 0.36458566784858704,
            "total_train_time": 5.300525903701782
        },
        "best_val_loss": 0.22094731032848358
    },
    "(60, 1)": {
        "best_hyperparameters": {
            "batch_size": 32,
            "dropout_rate": 0.1,
            "hidden_dim": 64,
            "learning_rate": 0.001,
            "num_layers": 2,
            "train_mae": 0.07897311076521873,
            "train_mape": 8.694170415401459,
            "train_rmse": 0.1191037967801094,
            "val_mae": 0.034264564514160156,
            "val_mape": 6.529854238033295,
            "val_rmse": 0.04598736763000488,
            "total_train_time": 1.505187749862671
        },
        "best_val_loss": 0.034264564514160156
    },
    "(60, 2)": {
        "best_hyperparameters": {
            "batch_size": 32,
            "dropout_rate": 0.2,
            "hidden_dim": 64,
            "learning_rate": 0.001,
            "num_layers": 2,
            "train_mae": 0.12263241410255432,
            "train_mape": 12.334026396274567,
            "train_rmse": 0.1790221482515335,
            "val_mae": 0.0768839493393898,
            "val_mape": 13.635870814323425,
            "val_rmse": 0.09731452167034149,
            "total_train_time": 3.700761079788208
        },
        "best_val_loss": 0.0768839493393898
    },
    "(60, 5)": {
        "best_hyperparameters": {
            "batch_size": 64,
            "dropout_rate": 0.2,
            "hidden_dim": 64,
            "learning_rate": 0.001,
            "num_layers": 2,
            "train_mae": 0.20535875856876373,
            "train_mape": 34.83382761478424,
            "train_rmse": 0.2547302842140198,
            "val_mae": 0.10167642682790756,
            "val_mape": 18.94829422235489,
            "val_rmse": 0.13274957239627838,
            "total_train_time": 6.626956462860107
        },
        "best_val_loss": 0.10167642682790756
    },
    "(60, 10)": {
        "best_hyperparameters": {
            "batch_size": 32,
            "dropout_rate": 0.2,
            "hidden_dim": 64,
            "learning_rate": 0.001,
            "num_layers": 2,
            "train_mae": 0.13289247080683708,
            "train_mape": 17.69823245704174,
            "train_rmse": 0.19006069004535675,
            "val_mae": 0.04785383120179176,
            "val_mape": 8.529054373502731,
            "val_rmse": 0.06814637035131454,
            "total_train_time": 3.7452025413513184
        },
        "best_val_loss": 0.04785383120179176
    },
    "(60, 30)": {
        "best_hyperparameters": {
            "batch_size": 32,
            "dropout_rate": 0.1,
            "hidden_dim": 64,
            "learning_rate": 0.001,
            "num_layers": 2,
            "train_mae": 0.19153717905282974,
            "train_mape": 19.24905627965927,
            "train_rmse": 0.26884283125400543,
            "val_mae": 0.12243680655956268,
            "val_mape": 17.94792115688324,
            "val_rmse": 0.1584983468055725,
            "total_train_time": 1.5365335941314697
        },
        "best_val_loss": 0.12243680655956268
    },
    "(120, 1)": {
        "best_hyperparameters": {
            "batch_size": 32,
            "dropout_rate": 0.1,
            "hidden_dim": 64,
            "learning_rate": 0.001,
            "num_layers": 2,
            "train_mae": 0.10732309520244598,
            "train_mape": 10.947106033563614,
            "train_rmse": 0.16104209423065186,
            "val_mae": 0.09970395267009735,
            "val_mape": 18.222779035568237,
            "val_rmse": 0.12404827028512955,
            "total_train_time": 0.9270346164703369
        },
        "best_val_loss": 0.09970395267009735
    },
    "(120, 2)": {
        "best_hyperparameters": {
            "batch_size": 64,
            "dropout_rate": 0.2,
            "hidden_dim": 32,
            "learning_rate": 0.001,
            "num_layers": 2,
            "train_mae": 0.31931716203689575,
            "train_mape": 34.9075973033905,
            "train_rmse": 0.38888314366340637,
            "val_mae": 0.05627773329615593,
            "val_mape": 10.0242018699646,
            "val_rmse": 0.05943423509597778,
            "total_train_time": 4.488677501678467
        },
        "best_val_loss": 0.05627773329615593
    },
    "(120, 5)": {
        "best_hyperparameters": {
            "batch_size": 64,
            "dropout_rate": 0.1,
            "hidden_dim": 64,
            "learning_rate": 0.001,
            "num_layers": 2,
            "train_mae": 0.18746893107891083,
            "train_mape": 24.909214675426483,
            "train_rmse": 0.22874143719673157,
            "val_mae": 0.13982267677783966,
            "val_mape": 30.433377623558044,
            "val_rmse": 0.17920517921447754,
            "total_train_time": 3.7582759857177734
        },
        "best_val_loss": 0.13982267677783966
    },
    "(120, 10)": {
        "best_hyperparameters": {
            "batch_size": 32,
            "dropout_rate": 0.2,
            "hidden_dim": 64,
            "learning_rate": 0.001,
            "num_layers": 2,
            "train_mae": 0.2685976028442383,